<?xml version="1.0" encoding="UTF-8"?>

<!--
LIST OF VALID TAGS:
ds = delovna sobota
poc = pocitnice (
pr = praznik (ce je tudi dela prost dan) - lahko vsebuje tudi tag "text", kjer je zapisano sporocilo (npr. vesel bizic)
-->

<!-- NOTE: make sure that days do not repeat -->
<!-- NOTE: old tags can be deleted -->
<!-- NOTE Write 2014-4-3 instead of 2014-04-03 -->


<tags>

<day>2014-4-28</day>
<tag>poc</tag>

<day>2014-4-29</day>
<tag>poc</tag>

<day>2014-4-30</day>
<tag>poc</tag>

<day>2014-5-1</day>
<tag>pr</tag>
<text>Vesel praznik dela!</text>

<day>2014-5-2</day>
<tag>pr</tag>
<text>Vesel praznik dela!</text>


</tags>